{"cameraMode":{"drawMode":0,"name":"Shaded","section":"Shading Mode"},"sceneLighting":true,"audioPlay":false,"sceneViewState":{"m_AlwaysRefresh":false,"showFog":true,"showSkybox":true,"showFlares":true,"showImageEffects":true,"showParticleSystems":true,"showVisualEffectGraphs":true,"m_FxEnabled":true},"in2DMode":false,"pivot":{"x":4.339428901672363,"y":-9.329426765441895,"z":-0.5627424716949463},"rotation":{"x":0.034554820507764819,"y":0.9467818140983582,"z":-0.30099529027938845,"w":0.10869185626506806},"size":22.690044403076173,"orthographic":false}